NameModern,NameAncient,LocationAncient,LocationModern,Lat,Long,GeolocationSource,GeolocationCitation,GeolocationCertainty,Date,DateLow,DateHigh,DateDecision,Notes1,Citation1,Plan1,Plan2,Function1,Function2,Commisioner,Domed,Marble,Roofing,TimberRoof,Mosaic,NumberAisles,Gallery,Exonarthex,Atrium,Ambulatory
Church of Holy Sepulchre,Basilica on Golgotha,Jerusalem,Jerusalem,31.778508,35.229474,Extant,http://www.sacred-destinations.com/israel/jerusalem-church-of-holy-sepulchre,100,336,328,336,336,Date consecrated,"Krauthemier, 39",Basilica,nul,Church,Martyrium,Constantine,Yes,Yes,Coffered,nul,Yes,4,Yes,nul,Yes,nul
Church of the Nativity,Grotto of the Nativity,Bethlehem ,Bethlehem,31.704274,35.20733,Extant,http://www.sacred-destinations.com/israel/bethlehem-church-of-the-nativity,100,333,333,333,333,Witness account of the basilica as early as 333,"Krauthemier, 38",Basilica,Octagonal,Church,Martyrium,Constantine,nul,Yes,Pyramidal,nul,Yes,4,nul,nul,Yes,nul
Hagia Sophia,Church of St. Sophia,Constantinople,Istanbul,41.00847,28.97993,Extant,https://whc.unesco.org/en/list/356,100,360,360,360,360,Date completed by Constantius,"Krauthemier, 46",Basilica,Cross-shaped,Church,nul,Constantine,nul,Yes,Vaulted,nul,Yes,3,Yes,Yes,Yes,nul
Fatih Mosque,Church of the Holy Apostles,Constantinople,Istanbul,41.019518,28.949811,Documentary Evidence,http://www.sacred-destinations.com/turkey/istanbul-fatih-camii,100,360,330,360,360,"Started by Constantine, finished 360","Krauthemier, 47",Basilica,nul,Apostoleion,Martyrium ,Constantine,Yes,Yes,Coffered,nul,Yes,4,Yes,nul,Yes,nul
The Rotunda,Anastasis,Jerusalem,Jerusalem,31.7786231,35.2297148,Extant,http://www.sacred-destinations.com/israel/jerusalem-church-of-holy-sepulchre,100,370,350,380,370,Date from archaeology ,"Krauthemier, 50",Rotunda,Octagonal,Church,Martyrium ,Constantine,Yes,Yes,Domed,Yes,Yes,0,Yes,nul,nul,Yes
Kaoussie Martyrium ,Martyrium of St. Babylas ,Kaoussie,Antioch,36.199756,36.157784,Documentary Evidence,"https://www.google.com/maps/place/36%C2%B011'59.1%22N+36%C2%B009'28.0%22E/@36.1997577,36.1569397,320m/data=!3m2!1e3!4b1!4m6!3m5!1s0x0:0x0!7e2!8m2!3d36.1997559!4d36.1577841",40,378,378,378,378,Date from historical context; approximate area,"Krauthemier, 51",Cross-shaped,nul,Church,Martyrium,Julian the Apostate,nul,Yes,Pyramidal,Yes,Yes,0,Yes,nul,nul,nul
Golden Octagon,Golden Octagon,Oronted Island,Antioch,36.1982,36.156434,Documentary Evidence,"https://www.google.com/maps/place/36%C2%B011'53.5%22N+36%C2%B009'23.2%22E/@36.1982017,36.1555824,323m/data=!3m2!1e3!4b1!4m6!3m5!1s0x0:0x0!7e2!8m2!3d36.1982002!4d36.1564336",40,327,327,341,327,Two years after Council of Nicaea; approximate area,"Krauthemier, 52-3",Octagonal,nul,Palace Church,nul,Constantine,Yes,Yes,Pyramidal,Yes,Yes,2,Yes,nul,nul,Yes
Church of St. George,Rotunda of St. George,Serdica,Sofia,42.696856,23.323017,Extant,http://bulgariatravel.org/article/details/344,100,315,310,320,315,Built before Constantine's victory over Licinius in 324,"Curcic, 51",Rotunda ,Square-based,Church,nul,Constantine,Yes,Yes,Vaulted,nul,Yes,2,nul,Yes,nul,nul
Rotunda,Church of Agios Georgios,Salonica,Thessaloniki,40.633289,22.953068,Extant,http://www.sacred-destinations.com/greece/thessaloniki-rotunda,100,400,400,400,400,"Date turned into a church; Cavarnos, 15","Krauthemier, 54",Rotunda,Octagonal,Mausoleum,nul,Constantine,Yes,Yes,Barrel-vaulted,nul,Yes,1,nul,nul,nul,Yes
Manastirine,Shrine of St. Domnus,Salona,Solin ,43.54211,16.48258,Archaeological Excavation,http://dare.ht.lu.se/places/20009.html,100,317,314,320,317,Built shortly after the Edict of Milan (313),"Curcic, 60",Basilica,Cemetary,Martyrium,Church,nul,nul,nul,Vaulted,nul,Nul,3,nul,nul,nul,nul
Church of Acheiropoeitos,Church of Acheiropoeitos,Salonica,Thessaloniki,40.634983,22.94789,Extant,https://thessaloniki.travel/en/exploring-the-city/themed-routes/early-christian-and-byzantine-route/item/1821-church-of-the-acheiropoietos,100,470,470,470,470,Date from archaeology,"Krauthemier, 74",Basilica,nul,Church,nul,nul,Yes,Yes,Barrel-vaulted,Yes,Yes,2,Yes,Yes,nul,nul
Hagio Demetrios,Basilica of St. Demetrius ,Salonica,Thessaloniki,40.6387967,22.9472756,Extant,"https://www.google.com/maps/place/Church+of+St.+Demetrios/@40.6387967,22.9472756,195m/data=!3m2!1e3!4b1!4m5!3m4!1s0x14a839a9555261d5:0x9adb6b6586b26aab!8m2!3d40.6387957!4d22.9478228",100,412,412,412,412,Approximate,"Krauthemier, 96",Basilica,Cross-transept,Church,nul,nul,nul,Yes,Vaulted,Yes,Yes,5,Yes,Yes,Yes,Yes
Hosios David,Latomos Monastery,Salonica,Thessaloniki,40.641505,22.9521356,Extant,"https://www.google.com/maps/place/Osios+David/@40.641505,22.9521356,33m/data=!3m1!1e3!4m12!1m6!3m5!1s0x14a839a92a802431:0xe7c5266c2f083dab!2sOsios+David!8m2!3d40.6416899!4d22.9522064!3m4!1s0x14a839a92a802431:0xe7c5266c2f083dab!8m2!3d40.6416899!4d22.9522064",100,500,500,500,500,Date from historical context,"Curcic, 110",Cross-shaped,Square,Church,Monastery,nul,Yes,Yes,Groin vaulted,Yes,Yes,0,nul,nul,nul,nul
St. John at Ephesus,Church of St. John,Ephesus,Selcuk,37.9524928,27.3676569,Archaeological Excavation,"https://www.google.com/maps/@37.9524928,27.3676569,3a,75y,229.31h,78.67t/data=!3m8!1e1!3m6!1sAF1QipOZG7QofqQBaggWT1KzEuCq5kdwMU_H6HqIT6h9!2e10!3e11!6shttps:%2F%2Flh5.googleusercontent.com%2Fp%2FAF1QipOZG7QofqQBaggWT1KzEuCq5kdwMU_H6HqIT6h9%3Dw203-h100-k-no-pi-0-ya335.49478-ro-0-fo100!7i5656!8i2828",90,565,565,565,565,Date from historical context; Justinian reconstruction,"Krauthemier, 175",Basilica,Cross-shaped,Church,nul,Justinian,Yes,Yes,Barrel-vaulted,nul,nul,4,Yes,Yes,Yes,nul
Church at Meriamlik,Merimalik Domed Basilica,Meriamlik,Meryemlik,36.364671,33.929663,Documentary Evidence,"https://www.google.com/maps/place/36%C2%B021'52.8%22N+33%C2%B055'46.8%22E/@36.3646724,33.9289652,264m/data=!3m2!1e3!4b1!4m5!3m4!1s0x0:0x0!8m2!3d36.364671!4d33.929663",40,480,471,494,480,"Style (of capitals); Location based off another Meryemlik church, St. Thecla, Krauthemier, 82","Krauthemier, 177",Basilica,Domed,Church,nul,nul,Yes,nul,Barrel-vaulted,Yes,nul,2,Yes,Yes,nul,nul
Church of the Theotokos,Church of the Virgin,Mount Garizim,Nablus,32.2012,35.27353,Archaeological Excavation,"https://www.google.com/maps/place/32%C2%B012'04.3%22N+35%C2%B016'24.7%22E/@32.2016846,35.2722982,670m/data=!3m1!1e3!4m5!3m4!1s0x0:0x0!8m2!3d32.2012!4d35.27353",70,484,484,484,484,Emperor Zeno's Reign,"Krauthemier, 116",Rotunda,Octagonal,Church,nul,Zeno,Yes,nul,Pyramidal,Yes,nul,1,Yes,nul,nul,Yes
"Church of the Prophets, Apostles, and Martyrs","Church of the Prophets, Apostles, and Martyrs",Gerasa,Jerash,32.2836393,35.8961391,Conjecture,"https://www.google.com/maps/@32.2836393,35.8961391,254m/data=!3m1!1e3",60,465,465,465,465,"Location deduced from map in Harding, 75","Krauthemier, 117",Cross-shaped,nul,Church,nul,nul,nul,Yes,Pitched,nul,Yes,6,nul,nul,nul,nul
St. Etienne,Church of St. Stephen,Jerusalem,Jerusalem,31.785291,35.2293416,Extant,"https://www.google.com/maps/place/St+Etienne/@31.785291,35.2293416,267m/data=!3m1!1e3!4m5!3m4!1s0x150329c472e65195:0x737d70f6c177b84b!8m2!3d31.785108!4d35.2300423",80,440,437,460,440,Exiled Empress Eudokia,"Krauthemier, 117",Basilica,nul,Church,nul,Eudokia,Yes,Yes,Vaulted,nul,Yes,2,Yes,Yes,Yes,nul
Cathedral at Jerash,Cathedral at Jerash,Gerasa,Jerash,32.280983,35.8914242,Archaeological Excavation,"https://www.google.com/maps/place/Fountain+Court/@32.280983,35.8914242,414a,35y,90h/data=!3m1!1e3!4m13!1m7!3m6!1s0x151c802ff49ac08d:0x876c24b1cbded302!2sJerash,+Jordan!3b1!8m2!3d32.2746515!4d35.8960765!3m4!1s0x151c804867b8f5ef:0x55d2930e5125f0a5!8m2!3d32.2807131!4d35.8912785",70,359,350,375,360,Testimony from Bishop of Gerasa,"Harding, 84",Basilica,nul,Church,nul,nul,nul,Yes,Pitched,nul,Yes,2,nul,nul,Yes,nul
Church of St. Theodore,Church of St. Theodore,Gerasa,Jerash,32.280983,35.8914242,Archaeological Excavation,"https://www.google.com/maps/place/Fountain+Court/@32.280983,35.8914242,414a,35y,90h/data=!3m1!1e3!4m13!1m7!3m6!1s0x151c802ff49ac08d:0x876c24b1cbded302!2sJerash,+Jordan!3b1!8m2!3d32.2746515!4d35.8960765!3m4!1s0x151c804867b8f5ef:0x55d2930e5125f0a5!8m2!3d32.2807131!4d35.8912785",70,495,494,496,495,Median,"Harding, 86",Basilica,nul,Church,nul,nul,nul,Yes,Pitched,nul,Yes,2,nul,nul,Yes,nul
Church of St. John,Church of St. John,Gerasa,Jerash,32.2814048,35.8887651,Archaeological Excavation,"https://www.google.com/maps/place/Church+of+SS+Cosmas+and+Damian/@32.2814048,35.8887651,254m/data=!3m1!1e3!4m5!3m4!1s0x151c8048942a23d1:0xf7e333ced78a9005!8m2!3d32.2814858!4d35.8895167",70,531,529,533,531,Median,"Harding, 87",Circular,Square,Church,nul,nul,nul,Yes,Pitched,nul,Yes,0,nul,nul,Yes,nul
Church of SS Cosmosand Damianus,Church of SS Cosmosand Damianus,Gerasa,Jerash,32.2814048,35.8887651,Archaeological Excavation,"https://www.google.com/maps/place/Church+of+SS+Cosmas+and+Damian/@32.2814048,35.8887651,254m/data=!3m1!1e3!4m5!3m4!1s0x151c8048942a23d1:0xf7e333ced78a9005!8m2!3d32.2814858!4d35.8895167",80,531,529,533,531,Median,"Harding, 87",Basilica,nul,Church,nul,Theodore/Georgia,nul,Yes,Pitched,nul,Yes,2,nul,nul,Yes,nul
Marusinac,Anastasius Basilica,Salona-Marusinac,Solin ,43.543834,16.475115,Archaeological Excavation,"https://www.google.com/maps/place/Marusinac/@43.543834,16.475115,69m/data=!3m1!1e3!4m8!1m2!2m1!1sMarusinac+Historical+landmark+in+Solin,+Croatia!3m4!1s0x0:0xe38e871fbdc3af6b!8m2!3d43.5438131!4d16.4752301",100,305,305,310,310,"Date from archaology; Location deduced from building plan Curcic, 128","Krauthemier, 14",Basilica,nul,Church,Martyrium,nul,nul,nul,Barrel-vaulted,Yes,nul,3,nul,nul,Yes,nul
Little Hagia Sophia,H. Segios and Bakchos,Constantinople,Istanbul,41.0027294,28.9703106,Extant,"https://www.google.com/maps/place/Little+Hagia+Sophia/@41.0027294,28.9703106,669m/data=!3m2!1e3!4b1!4m5!3m4!1s0x14cab999c872fc19:0xe33e259df5649dc1!8m2!3d41.0027259!4d28.9722002",100,528,525,530,528,Approximation. Completed soon after start of Justinian's reign 527,"Krauthemier, 162",Basilica,Octagonal,Church,nul,Justinian/Theodora,Yes,Yes,Groin vaulted,nul,Yes,0,Yes,Yes,Yes,Yes
Acropolis-episcopal complex,The Cathedral of Caricin Grad,Justiniana-Prima,Caricin Grad,42.953309,21.669093,Archaeological Excavation,http://www.academia.edu/28132330/Cari%C4%8Din_Grad_Justiniana_Prima_A_New-Discovered_City_for_a_New_Society_Proceedings_of_the_23rd_International_Congress_of_Byzantine_Studies_Belgrade_22_27_August_2016_Plenary_papers_ed._S._Marjanovi%C4%87-Du%C5%A1ani%C4%87_Belgrade_2016_107-126,100,550,527,580,550,"Built during Justinian's reign; deduced from building plan, Krauthemier, 193","Krauthemier, 193",Basilica,Cross-shaped,Church,nul,nul,nul,nul,Vaulted,Yes,nul,3,Yes,Yes,Yes,nul
Church B,Church B,Justiniana-Prima,Caricin Grad,42.951236,21.670086,Archaeological Excavation,http://www.academia.edu/28132330/Cari%C4%8Din_Grad_Justiniana_Prima_A_New-Discovered_City_for_a_New_Society_Proceedings_of_the_23rd_International_Congress_of_Byzantine_Studies_Belgrade_22_27_August_2016_Plenary_papers_ed._S._Marjanovi%C4%87-Du%C5%A1ani%C4%87_Belgrade_2016_107-126,90,550,500,600,550,Date approximation,"Curcic, 213",Basilica,Cross-transept,Church,nul,Justinian,nul,nul,Vaulted,Yes,Yes,2,nul,Yes,nul,nul
Church D,Church D,Justiniana-Prima,Caricin Grad,42.951236,21.670086,Archaeological Excavation,http://www.academia.edu/28132330/Cari%C4%8Din_Grad_Justiniana_Prima_A_New-Discovered_City_for_a_New_Society_Proceedings_of_the_23rd_International_Congress_of_Byzantine_Studies_Belgrade_22_27_August_2016_Plenary_papers_ed._S._Marjanovi%C4%87-Du%C5%A1ani%C4%87_Belgrade_2016_107-126,90,549,548,550,549,"Built after Theodora's death in 548; Location deduced from plan in Curcic, 213","Curcic, 213",Basilica,Cross-transept,Church,nul,Justinian,nul,Yes,Vaulted,Yes,Yes,2,nul,Yes,Yes,Yes
Imrahor Mosque,Studios Monastery,Constantinople,Istanbul,40.9962223,28.928547,Archaeological Excavation,"https://www.google.com/maps/place/Imrahor+Mosque/@40.9962223,28.928547,180m/data=!3m1!1e3!4m5!3m4!1s0x14cabbb8810ff52d:0xceb99a48cfb520a9!8m2!3d40.9961472!4d28.9288065",100,463,463,463,463,Dedication date,"Krauthemier, 78",Basilica,nul,Church,Monastery,Senator Studios,nul,Yes,nul,Yes,nul,3,Yes,Yes,Yes,nul
Saint Anastasia,Iadera Cathedral,Iadera,Zadar,44.1162223,15.2242453,Archaeological Excavation,"https://www.google.com/maps/place/Saint+Anastasia/@44.1162223,15.2242453,196a,35y,90h/data=!3m1!1e3!4m5!3m4!1s0x4761fa70dd69c9b3:0xdcc6e5ed407fe42b!8m2!3d44.1161747!4d15.2244973",80,450,400,500,450,"Original construction approximation; location deduced from plan Curcic, 130","Curcic, 129",Basilica,nul,Church,nul,nul,nul,Yes,Groin vaulted,nul,Yes,3,nul,nul,nul,Yes
Basilica A,Basilica A,Nikopolis,Epiros,39.00868,20.73439,Archaeological Excavation,http://www.academia.edu/22578684/An_archaeological_guide_to_Nicopolis,90,535,525,550,535,Approximation,"Krauthemier, 98-9",Basilica,Cross-transept,Church,nul,nul,nul,nul,Pitched,nul,Yes,3,Yes,Yes,Yes,Yes
Basilica B,Basilica B,Nikopolis,Epiros,39.01229,20.7336,Archaeological Excavation,"https://www.google.com/maps/place/39%C2%B000'44.2%22N+20%C2%B044'01.0%22E/@39.0122467,20.7333362,133m/data=!3m1!1e3!4m5!3m4!1s0x0:0x0!8m2!3d39.01229!4d20.7336",80,480,474,491,480,"Approximation; Location deduced from building plan Curcic, 131","Curcic, 131",Basilica,Cross-transept,Church,nul,Zeno,nul,nul,nul,Yes,nul,5,nul,nul,Yes,Yes
Basilica Euphrasiana,Basilica Euphrasiana,Parentium,Porec,45.2286375,13.5912896,Extant,"https://www.google.com/maps/place/Euphrasian+Basilica/@45.2286375,13.5912896,723m/data=!3m2!1e3!4b1!4m5!3m4!1s0x477c977680ed44bb:0xa0fb31b7abad2aaf!8m2!3d45.2286337!4d13.5934783",100,550,500,600,550,Approximation,"Curcic, 219-220",Basilica,nul,Church,nul,nul,nul,Yes,Vaulted,Yes,Yes,3,nul,Yes,Yes,Yes
Epidauros Basilica,Epidauros Basilica,Epidauros,Asklipeio,37.5993275,23.0753477,Archaeological Excavation,"https://www.google.com/maps/place/Epidavros+210+52,+Greece/@37.5993275,23.0753477,133m/data=!3m1!1e3!4m5!3m4!1s0x149f8bc7c6e350b1:0xd5f76e300ede1832!8m2!3d37.5958432!4d23.0768899",60,400,400,400,400,Style of mosaics,"Krauthemier, 91",Basilica,nul,Church,nul,nul,nul,Yes,nul,nul,Yes,4,nul,Yes,Yes,nul
Isperihovo,Isperihovo Monastery ,Isperihovo,Isperihovo,42.085198,24.428713,Conjecture,"https://www.google.com/maps/place/42%C2%B005'06.7%22N+24%C2%B025'43.4%22E/@42.0851995,24.4278961,285m/data=!3m2!1e3!4b1!4m9!1m2!2m1!1sarchaeological+sites+near+Isperihovo,+Bulgaria!3m5!1s0x0:0x0!7e2!8m2!3d42.0851984!4d24.4287132",50,450,400,500,450,Location is of village in which the monastery was named after. Approximate date,"Curcic, 143",Basilica,nul,Church,Monastery,nul,nul,nul,nul,Yes,nul,1,nul,Yes,Yes,nul
Martyrium at Beroe,Martyrium at Beroe,Augusta Traiana,Stara Zagora,42.430838,25.629597,Conjecture,"https://www.google.com/maps/place/42%C2%B025'51.0%22N+25%C2%B037'46.6%22E/@42.4308394,25.6288416,262m/data=!3m2!1e3!4b1!4m6!3m5!1s0x0:0x0!7e2!8m2!3d42.4308384!4d25.6295971",50,400,350,450,400,"Google satellite, based on approximate location by Curcic, 147","Curcic, 147",Central-plan,Tetraconch,Martyrium,nul,nul,nul,nul,Vaulted,nul,nul,0,nul,Yes,Yes,nul
Episcopal Basilica,Episcopal Basilica,Stobi,Rosoman,41.551889,21.974022,Archaeological Excavation,"https://www.google.com/maps/place/41%C2%B033'06.8%22N+21%C2%B058'26.5%22E/@41.5518904,21.9732638,266m/data=!3m2!1e3!4b1!4m6!3m5!1s0x0:0x0!7e2!8m2!3d41.5518889!4d21.9740223",90,425,400,450,425,"Approximate date; Location based on map in Curcic, 113","Curcic, 113",Basilica,nul,Church,nul,nul,nul,nul,nul,nul,Yes,3,Yes,Yes,nul,nul
St. Sophia Church,St. Sophia Church,Serdica,Sofia,42.696548,23.331353,Extant,"https://www.google.com/maps/place/42%C2%B041'47.6%22N+23%C2%B019'52.9%22E/@42.696549,23.3308058,189m/data=!3m2!1e3!4b1!4m6!3m5!1s0x0:0x0!7e2!8m2!3d42.6965482!4d23.3313532",100,550,500,600,550,Consensus among scholars is sixth century; approximation,"Curcic, 205-6",Basilica,nul,Church,Cathedral,nul,Yes,nul,Barrel-vaulted,nul,nul,3,nul,Yes,nul,Yes
Hagiasma of Hagios Ioannis,St. John the Baptist Orthodox Church,Salonica,Thessaloniki,40.632311,22.946864,Archaeological Excavation,"https://www.google.com/maps/place/40%C2%B037'56.3%22N+22%C2%B056'48.7%22E/@40.632312,22.9463168,195m/data=!3m2!1e3!4b1!4m6!3m5!1s0x0:0x0!7e2!8m2!3d40.6323106!4d22.9468637",80,400,400,400,400,"Approximation; Location based on map Curcic, 105","Curcic, 130",Hexagonal,nul,Baptistry,nul,nul,Yes,Yes,nul,nul,nul,0,nul,nul,nul,nul
Second Basilica under Hagia Sophia,Hagia Sophia,Salonica,Thessaloniki,40.632961,22.946669,Documentary Evidence,"https://www.google.com/maps/place/40%C2%B037'58.7%22N+22%C2%B056'48.0%22E/@40.632962,22.9461218,195m/data=!3m2!1e3!4b1!4m5!3m4!1s0x0:0x0!8m2!3d40.632961!4d22.946669",100,400,400,400,400,Approximation,"Curcic, 105",Basilica,nul,Church,nul,nul,nul,Yes,nul,nul,Yes,5,nul,Yes,Yes,nul
St. Leonidas,Hagios Leonidas,Lechaion,Lechaion,37.93411,22.88491,Archaeological Excavation,"https://www.google.com/maps/place/37%C2%B056'02.6%22N+22%C2%B053'04.4%22E/@37.9340441,22.8840068,203m/data=!3m2!1e3!4b1!4m14!1m7!3m6!1s0x0:0x0!2zMzfCsDU2JzAyLjgiTiAyMsKwNTMnMDUuNyJF!3b1!8m2!3d37.93411!4d22.88491!3m5!1s0x0:0x0!7e2!8m2!3d37.9340435!4d22.8845537",100,455,450,460,455,"Main part constructed between 450-60; Location based off plan in Curcic, 127","Krauthemier, 100",Basilica,Cross-transept,Church,nul,nul,Yes,Yes,Vaulted,Yes,Yes,3,nul,Yes,Yes,nul
Ilissos Basilica,Ilissos Basilica,Ilissos,Ilissos,37.968248,23.73826,Archaeological Excavation,"https://www.google.com/maps/place/37%C2%B058'05.7%22N+23%C2%B044'10.4%22E/@37.96825,23.7351773,382m/data=!3m2!1e3!4b1!4m5!3m4!1s0x0:0x0!8m2!3d37.968248!4d23.736209",60,400,400,450,400,Date from mosaics; Google satellite,"Krauthemier, 92",Basilica,Cross-transept,Church,nul,nul,Yes,nul,nul,nul,Yes,3,nul,Yes,nul,nul
Library of Hadrian,The Great Panagia,Athens,Athens,37.975361,23.726674,Archaeological Excavation,"https://www.google.com/maps/place/37%C2%B058'31.3%22N+23%C2%B043'36.0%22E/@37.9753621,23.7261268,202m/data=!3m2!1e3!4b1!4m5!3m4!1s0x0:0x0!8m2!3d37.975361!4d23.726674",100,420,410,430,420,"Location based on maps in Curcic, 124","Curcic, 124",Tetraconch,nul,Church,Cathedral,nul,nul,Yes,nul,nul,Yes,1,Yes,Yes,Yes,Yes
Basilica A,Basilica A,Philippi,Filippoi,41.012975,24.284467,Archaeological Excavation,"https://www.google.com/maps/place/41%C2%B000'46.7%22N+24%C2%B017'04.1%22E/@41.012976,24.2839198,194m/data=!3m2!1e3!4b1!4m5!3m4!1s0x0:0x0!8m2!3d41.012975!4d24.284467",90,500,480,520,500,Location based on map in Curic 116,"Curcic, 118",Basilica,Cross-transept,Church,nul,nul,nul,Yes,Vaulted,nul,nul,3,Yes,Yes,Yes,Yes
Basilica B,Basilica B,Philippi,Filippoi,41.011919,24.282741,Archaeological Excavation,"https://www.google.com/maps/place/41%C2%B000'42.9%22N+24%C2%B016'57.9%22E/@41.01192,24.2821902,195m/data=!3m2!1e3!4b1!4m9!1m2!2m1!1sPhilippi+church!3m5!1s0x0:0x0!7e2!8m2!3d41.0119187!4d24.2827409",90,540,530,560,540,Date generally agreed by scholars,"Curcic, 207-08",Basilica,Cross-transept,Church,nul,nul,Yes,Yes,Vaulted,nul,nul,2,nul,Yes,nul,Yes
Philippi Octagonal Church,Philippi Octagonal Church,Philippi,Filippoi,41.01164,24.2844,Archaeological Excavation,"https://www.google.com/maps/place/41%C2%B000'41.9%22N+24%C2%B017'03.8%22E/@41.011641,24.2838528,194m/data=!3m2!1e3!4b1!4m9!1m2!2m1!1sPhilippi+church!3m5!1s0x0:0x0!7e2!8m2!3d41.0116401!4d24.2843996",90,520,500,540,520,Date approximation based on style,"Curcic, 114-16",Octagonal,Square,Church,nul,nul,nul,Yes,nul,nul,nul,1,nul,Yes,Yes,Yes
Dubrovnik Cathedral,Ragusium Cathedral,Ragusium,Dubrovnik,42.639861,18.1103,Conjecture,"https://www.google.com/maps/place/42%C2%B038'23.5%22N+18%C2%B006'37.1%22E/@42.6398624,18.1095317,265m/data=!3m2!1e3!4b1!4m6!3m5!1s0x0:0x0!7e2!8m2!3d42.6398606!4d18.1103002",80,550,550,550,550,Based on wooden roofs & barrel-vaulting style,"Curcic, 223-4",Basilica,nul,Church,Cathedral,nul,nul,nul,Barrel-vaulted,Yes,nul,3,nul,nul,nul,Yes
Basilica III,Basilica III,Romuliana,Gamzigrad,43.898851,22.18598,Archaeological Excavation,"https://www.google.com/maps/place/43%C2%B053'55.9%22N+22%C2%B011'09.5%22E/@43.8988548,22.1837913,740m/data=!3m2!1e3!4b1!4m14!1m7!3m6!1s0x47540c57a9a51425:0xa189314a3d0351e4!2sGamzigrad,+Serbia!3b1!8m2!3d43.9094879!4d22.1752836!3m5!1s0x0:0x0!7e2!8m2!3d43.8988512!4d22.1859798",70,450,400,500,450,Approximation,"Curcic, 225",Basilica,nul,Church,nul,nul,nul,nul,Barrel-vaulted,Yes,nul,3,nul,Yes,nul,nul
Basilica C,Basilica C,Gradina/Jelica,Gradina/Jelica,43.829656,20.310405,Conjecture,"https://www.google.com/maps/@43.8296598,20.3082163,741m/data=!3m1!1e3",40,450,400,500,450,Approximation based on style,"Curcic, 225-6",Basilica,nul,Church,Cathedral,nul,nul,nul,nul,Yes,nul,1,nul,Yes,nul,Yes
Basilica A,Basilica A,Gradina/Jelica,Gradina/Jelica,43.829643,20.310771,Conjecture,"https://www.google.com/maps/place/43%C2%B049'46.7%22N+20%C2%B018'38.8%22E/@43.8296444,20.3099813,267m/data=!3m2!1e3!4b1!4m6!3m5!1s0x0:0x0!7e2!8m2!3d43.8296426!4d20.3107706",40,450,400,500,450,Approximation,"Curcic, 226",Basilica,nul,Funerary,nul,nul,nul,nul,nul,Yes,nul,1,nul,Yes,nul,Yes
Ras Basilica,Ras Basilica,Ras,Stari Ras,43.13173,20.421859,Archaeological Excavation,"https://www.google.com/maps/place/43%C2%B007'54.2%22N+20%C2%B025'18.7%22E/@43.1317317,20.4209155,323m/data=!3m2!1e3!4b1!4m9!1m2!2m1!1sRas+Serbia!3m5!1s0x0:0x0!7e2!8m2!3d43.1317299!4d20.4218591",70,535,525,550,535,"Based on location description in Curcic, 226","Curcic, 226",Basilica,nul,Church,nul,nul,nul,nul,nul,nul,nul,3,nul,Yes,nul,Yes
Bregovina Basilica,Bregovina Basilica,Bregovina,Bregovina,43.08197,21.570329,Conjecture,"https://www.google.com/maps/place/43%C2%B004'55.1%22N+21%C2%B034'13.2%22E/@43.081973,21.5686502,575m/data=!3m2!1e3!4b1!4m14!1m7!3m6!1s0x4755ed4b9451b941:0xdca06b54a503e3a8!2sBregovina,+Serbia!3b1!8m2!3d43.0770976!4d21.562554!3m5!1s0x0:0x0!7e2!8m2!3d43.08197!4d21.5703289",70,550,520,580,550,Google Satellite; Location of village surrounding the ruin; Close date to Justiniana-Prima churches,"Curcic, 227",Basilica,nul,Church,nul,nul,nul,Yes,nul,nul,nul,3,Yes,Yes,nul,nul
Curline Basilica,Curline Basilica,Curline ,Curlina,43.261998,21.880728,Documentary Evidence,"https://www.google.com/maps/place/43%C2%B015'43.2%22N+21%C2%B052'50.6%22E/@43.2619994,21.8799502,266m/data=!3m2!1e3!4b1!4m14!1m7!3m6!1s0x4755bba568225a33:0x87750693f4bc11cb!2s%C4%86urlina,+Serbia!3b1!8m2!3d43.2747279!4d21.8873794!3m5!1s0x0:0x0!7e2!8m2!3d43.2619983!4d21.8807283",70,550,520,580,550,Similar date with Justiniana-Prima because could be work of same masons; later structure sits atop currently,"Curcic, 227",Basilica,nul,Church,nul,nul,nul,Yes,Vaulted,Yes,nul,3,nul,Yes,nul,nul
Kamenica Basilica,Kamenica Basilica,Kalata Lake,Kalata Lake,41.991875,22.590369,Documentary Evidence,"https://www.google.com/maps/place/41%C2%B059'30.8%22N+22%C2%B035'25.3%22E/@41.9918764,22.5896201,261m/data=!3m1!1e3!4m14!1m7!3m6!1s0x135587c0aec3eb8b:0x5dfc9c375d057aaa!2sKalata!3b1!8m2!3d41.9849411!4d22.5906259!3m5!1s0x0:0x0!7e2!8m2!3d41.9918751!4d22.5903694",60,550,500,600,550,"Location approximation based on description in Curcic, 227; Date from Finey, 217","Curcic, 227",Basilica,nul,Church,nul,nul,nul,nul,Vaulted,nul,nul,3,nul,Yes,nul,Yes
Church at Knossos,Church at Knossos,Knossos,Knosos,35.3060038,25.0819313,Documentary Evidence,"https://www.google.com/maps/place/University+of+Crete+Medical+School/@35.3060038,25.0819313,838m/data=!3m1!1e3!4m12!1m6!3m5!1s0x149a5779b4946629:0xc7fc4581514ea401!2sUniversity+of+Crete+Medical+School!8m2!3d35.3059994!4d25.08412!3m4!1s0x149a5779b4946629:0xc7fc4581514ea401!8m2!3d35.3059994!4d25.08412",60,400,400,400,400,"Approximate date; Excavation destroyed to make University of Crete Medical School, Curcic, 153","Curcic, 153",Basilica,Triconch,Church,Cemetary,nul,Yes,nul,Vaulted,nul,Yes,3,nul,Yes,Yes,nul
Ancient Church of St. Mary,Church of St. Mary,Ephesus,Selcuk,37.945049,27.339258,Archaeological Excavation,"https://www.google.com/maps/place/37%C2%B056'42.2%22N+27%C2%B020'21.3%22E/@37.9450504,27.3385399,266m/data=!3m2!1e3!4b1!4m9!1m2!2m1!1sBasilica+of+St.+Mary+ephesus!3m5!1s0x0:0x0!7e2!8m2!3d37.9450487!4d27.3392576",100,400,400,400,400,Google Satellite,"Krauthemier, 81",Basilica,nul,Church,Cathedral,nul,Yes,Yes,Pitched,nul,Yes,2,nul,Yes,Yes,Yes
Red Church,Red Church,Perustica,Perustica,42.07409,24.556144,Archaeological Excavation,"https://www.google.com/maps/place/42%C2%B004'26.7%22N+24%C2%B033'22.1%22E/@42.074092,24.5550497,381m/data=!3m2!1e3!4b1!4m14!1m7!3m6!1s0x0:0x0!2zNDLCsDA0JzI2LjciTiAyNMKwMzMnMTguMCJF!3b1!8m2!3d42.0740747!4d24.5549896!3m5!1s0x0:0x0!7e2!8m2!3d42.0740904!4d24.5561438",100,500,500,500,500,Style,"Krauthemier, 98",Tetraconch,nul,Church,nul,nul,Yes,nul,Vaulted,nul,nul,2,nul,Yes,nul,Yes
Forty Saints Monastery,Church of the Forty Martyrs,Saranda,Saranda,39.872275,20.021654,Archaeological Excavation,"https://www.google.com/maps/place/39%C2%B052'20.2%22N+20%C2%B001'18.0%22E/@39.8722764,20.0209208,264m/data=!3m2!1e3!4b1!4m14!1m7!3m6!1s0x135b148b2a8fecb5:0x21cab02aac4f6b8a!2sMonastery+of+40+Saints,+Sarand%C3%AB,+Albania!3b1!8m2!3d39.8725666!4d20.0212902!3m5!1s0x0:0x0!7e2!8m2!3d39.8722747!4d20.0216544",90,500,500,500,500,Style; Satellite,"Curcic, 242",Polyconchal,nul,Church,Monastery,nul,Yes,nul,Vaulted,nul,nul,1,Yes,Yes,nul,nul
Church of Archangel Michael,Church of Archangel Michael,Episkope-Kissamos,Episokpi,35.49083,23.763225,Extant,"https://www.google.com/maps/place/35%C2%B029'27.0%22N+23%C2%B045'47.6%22E/@35.4908311,23.7626778,209m/data=!3m2!1e3!4b1!4m13!1m6!3m5!1s0x149cf4caca646a9b:0x97013c930ff5d431!2sRotunda+Villas!8m2!3d35.4849186!4d23.7631201!3m5!1s0x0:0x0!7e2!8m2!3d35.4908297!4d23.7632247",100,550,500,600,550,Frescoes are sixth century ,"Curcic, 244",Basilica,Rotunda,Church,nul,nul,Yes,nul,Barrel-vaulted,nul,nul,2,nul,Yes,Yes,Yes
Temple of Panaya of Ekatontapiliani,Church of Katapoliane,Paros,Paros,37.084946,25.151718,Extant,"https://www.google.com/maps/place/37%C2%B005'05.8%22N+25%C2%B009'06.2%22E/@37.084948,25.1506745,391m/data=!3m2!1e3!4b1!4m13!1m6!3m5!1s0x14987105c27df02d:0x27cab3eb3e08fffd!2sTemple+of+Panaya+of+Ekatontapiliani!8m2!3d37.0849737!4d25.151731!3m5!1s0x0:0x0!7e2!8m2!3d37.0849457!4d25.1517179",100,380,350,400,380,Approximation,"Curcic, 236",Basilica,Cross-shaped,Church,nul,nul,Yes,nul,Vaulted,nul,nul,2,Yes,Yes,nul,Yes
